,id,name,symbol,slug,num_market_pairs,date_added,tags,max_supply,circulating_supply,total_supply,platform,cmc_rank,self_reported_circulating_supply,self_reported_market_cap,tvl_ratio,last_updated,quote
0,1,Bitcoin,BTC,bitcoin,9982,2013-04-28T00:00:00.000Z,"['mineable', 'pow', 'sha-256', 'store-of-value', 'state-channel', 'coinbase-ventures-portfolio', 'three-arrows-capital-portfolio', 'polychain-capital-portfolio', 'binance-labs-portfolio', 'blockchain-capital-portfolio', 'boostvc-portfolio', 'cms-holdings-portfolio', 'dcg-portfolio', 'dragonfly-capital-portfolio', 'electric-capital-portfolio', 'fabric-ventures-portfolio', 'framework-ventures-portfolio', 'galaxy-digital-portfolio', 'huobi-capital-portfolio', 'alameda-research-portfolio', 'a16z-portfolio', '1confirmation-portfolio', 'winklevoss-capital-portfolio', 'usv-portfolio', 'placeholder-ventures-portfolio', 'pantera-capital-portfolio', 'multicoin-capital-portfolio', 'paradigm-portfolio']",21000000.0,19291800.0,19291800.0,,1,,,,2023-02-15T19:11:00.000Z,"{'USD': {'price': 23008.991007877852, 'volume_24h': 25388057867.211483, 'volume_change_24h': -4.225, 'percent_change_1h': 0.95754544, 'percent_change_24h': 4.11239663, 'percent_change_7d': 0.45221432, 'percent_change_30d': 7.90070763, 'percent_change_60d': 37.58386532, 'percent_change_90d': 38.05683597, 'market_cap': 443884852725.77795, 'market_cap_dominance': 42.0529, 'fully_diluted_market_cap': 483188811165.43, 'tvl': None, 'last_updated': '2023-02-15T19:11:00.000Z'}}"
1,1027,Ethereum,ETH,ethereum,6461,2015-08-07T00:00:00.000Z,"['pos', 'smart-contracts', 'ethereum-ecosystem', 'coinbase-ventures-portfolio', 'three-arrows-capital-portfolio', 'polychain-capital-portfolio', 'binance-labs-portfolio', 'blockchain-capital-portfolio', 'boostvc-portfolio', 'cms-holdings-portfolio', 'dcg-portfolio', 'dragonfly-capital-portfolio', 'electric-capital-portfolio', 'fabric-ventures-portfolio', 'framework-ventures-portfolio', 'hashkey-capital-portfolio', 'kenetic-capital-portfolio', 'huobi-capital-portfolio', 'alameda-research-portfolio', 'a16z-portfolio', '1confirmation-portfolio', 'winklevoss-capital-portfolio', 'usv-portfolio', 'placeholder-ventures-portfolio', 'pantera-capital-portfolio', 'multicoin-capital-portfolio', 'paradigm-portfolio', 'injective-ecosystem']",,122373866.2178,122373866.2178,,2,,,,2023-02-15T19:11:00.000Z,"{'USD': {'price': 1590.6722686259855, 'volume_24h': 7501863754.413054, 'volume_change_24h': -18.0482, 'percent_change_1h': 0.7069273, 'percent_change_24h': 2.70278818, 'percent_change_7d': -3.51022105, 'percent_change_30d': 0.42308435, 'percent_change_60d': 34.86129238, 'percent_change_90d': 31.685786, 'market_cap': 194656715397.20078, 'market_cap_dominance': 18.4419, 'fully_diluted_market_cap': 194656715397.2, 'tvl': None, 'last_updated': '2023-02-15T19:11:00.000Z'}}"
2,1839,BNB,BNB,bnb,1188,2017-07-25T00:00:00.000Z,"['marketplace', 'centralized-exchange', 'payments', 'smart-contracts', 'alameda-research-portfolio', 'multicoin-capital-portfolio', 'bnb-chain']",200000000.0,157898328.31397173,159979963.59042934,,4,,,,2023-02-15T19:11:00.000Z,"{'USD': {'price': 304.12356970290966, 'volume_24h': 514025472.5384624, 'volume_change_24h': -25.7069, 'percent_change_1h': 0.57059785, 'percent_change_24h': 2.50325923, 'percent_change_7d': -6.89980516, 'percent_change_30d': 0.87451006, 'percent_change_60d': 28.25746466, 'percent_change_90d': 13.37657827, 'market_cap': 48020603256.967094, 'market_cap_dominance': 4.5494, 'fully_diluted_market_cap': 60824713940.58, 'tvl': None, 'last_updated': '2023-02-15T19:11:00.000Z'}}"
3,52,XRP,XRP,xrp,886,2013-08-04T00:00:00.000Z,"['medium-of-exchange', 'enterprise-solutions', 'arrington-xrp-capital-portfolio', 'galaxy-digital-portfolio', 'a16z-portfolio', 'pantera-capital-portfolio']",100000000000.0,50799084881.0,99989130718.0,,6,,,,2023-02-15T19:11:00.000Z,"{'USD': {'price': 0.3888811411807148, 'volume_24h': 933641494.3273807, 'volume_change_24h': -6.552, 'percent_change_1h': 0.72739323, 'percent_change_24h': 2.91845166, 'percent_change_7d': -2.13138413, 'percent_change_30d': -0.55289839, 'percent_change_60d': 10.88295723, 'percent_change_90d': 2.97704605, 'market_cap': 19754806099.45928, 'market_cap_dominance': 1.8716, 'fully_diluted_market_cap': 38888114118.07, 'tvl': None, 'last_updated': '2023-02-15T19:11:00.000Z'}}"
4,2010,Cardano,ADA,cardano,649,2017-10-01T00:00:00.000Z,"['dpos', 'pos', 'platform', 'research', 'smart-contracts', 'staking', 'cardano-ecosystem', 'cardano']",45000000000.0,34634373516.08,35485065064.783,,8,,,,2023-02-15T19:11:00.000Z,"{'USD': {'price': 0.3910323698313613, 'volume_24h': 385794479.4072027, 'volume_change_24h': -10.6266, 'percent_change_1h': 0.65371814, 'percent_change_24h': 1.03465533, 'percent_change_7d': -0.37916588, 'percent_change_30d': 10.51993254, 'percent_change_60d': 47.51785734, 'percent_change_90d': 20.22261577, 'market_cap': 13543161153.6173, 'market_cap_dominance': 1.2831, 'fully_diluted_market_cap': 17596456642.41, 'tvl': None, 'last_updated': '2023-02-15T19:11:00.000Z'}}"
5,74,Dogecoin,DOGE,dogecoin,644,2013-12-15T00:00:00.000Z,"['mineable', 'pow', 'scrypt', 'medium-of-exchange', 'memes', 'payments', 'doggone-doggerel', 'bnb-chain']",,132670764299.89409,132670764299.89409,,9,,,,2023-02-15T19:11:00.000Z,"{'USD': {'price': 0.08672443790773615, 'volume_24h': 716278633.818604, 'volume_change_24h': 66.1471, 'percent_change_1h': 0.57706909, 'percent_change_24h': 4.17782202, 'percent_change_7d': -3.45102872, 'percent_change_30d': 2.3375335, 'percent_change_60d': 11.88852511, 'percent_change_90d': 2.54367206, 'market_cap': 11505797460.698063, 'market_cap_dominance': 1.0901, 'fully_diluted_market_cap': 11505797460.7, 'tvl': None, 'last_updated': '2023-02-15T19:11:00.000Z'}}"
6,3890,Polygon,MATIC,polygon,587,2019-04-28T00:00:00.000Z,"['platform', 'enterprise-solutions', 'zero-knowledge-proofs', 'scaling', 'state-channel', 'coinbase-ventures-portfolio', 'binance-launchpad', 'binance-labs-portfolio', 'polygon-ecosystem', 'moonriver-ecosystem', 'injective-ecosystem']",10000000000.0,8734317475.28493,10000000000.0,,10,,,,2023-02-15T19:11:00.000Z,"{'USD': {'price': 1.2793726254336282, 'volume_24h': 500130154.0630861, 'volume_change_24h': -31.1487, 'percent_change_1h': 0.67048824, 'percent_change_24h': 3.65413059, 'percent_change_7d': -2.60931087, 'percent_change_30d': 26.60156287, 'percent_change_60d': 59.4388083, 'percent_change_90d': 45.29651048, 'market_cap': 11174446679.726099, 'market_cap_dominance': 1.0584, 'fully_diluted_market_cap': 12793726254.34, 'tvl': None, 'last_updated': '2023-02-15T19:11:00.000Z'}}"
7,5426,Solana,SOL,solana,433,2020-04-10T00:00:00.000Z,"['pos', 'platform', 'solana-ecosystem', 'cms-holdings-portfolio', 'kenetic-capital-portfolio', 'alameda-research-portfolio', 'multicoin-capital-portfolio', 'okex-blockdream-ventures-portfolio']",,376439402.9314133,539312704.8875339,,11,,,,2023-02-15T19:11:00.000Z,"{'USD': {'price': 22.679433587038687, 'volume_24h': 554226038.3925203, 'volume_change_24h': -33.4756, 'percent_change_1h': 1.36955114, 'percent_change_24h': 3.82147744, 'percent_change_7d': -2.01588009, 'percent_change_30d': -4.12940646, 'percent_change_60d': 84.30891953, 'percent_change_90d': 67.64662787, 'market_cap': 8537432438.327484, 'market_cap_dominance': 0.8086, 'fully_diluted_market_cap': 12231306673.14, 'tvl': None, 'last_updated': '2023-02-15T19:11:00.000Z'}}"
8,6636,Polkadot,DOT,polkadot-new,467,2020-08-19T00:00:00.000Z,"['substrate', 'polkadot', 'binance-chain', 'polkadot-ecosystem', 'three-arrows-capital-portfolio', 'polychain-capital-portfolio', 'arrington-xrp-capital-portfolio', 'blockchain-capital-portfolio', 'boostvc-portfolio', 'cms-holdings-portfolio', 'coinfund-portfolio', 'fabric-ventures-portfolio', 'fenbushi-capital-portfolio', 'hashkey-capital-portfolio', 'kenetic-capital-portfolio', '1confirmation-portfolio', 'placeholder-ventures-portfolio', 'pantera-capital-portfolio', 'exnetwork-capital-portfolio', 'web3', 'spartan-group', 'injective-ecosystem', 'bnb-chain']",,1157215870.1015224,1283639540.4067023,,12,904869778.0,5730972510.704022,,2023-02-15T19:11:00.000Z,"{'USD': {'price': 6.333477645115939, 'volume_24h': 248549813.4628911, 'volume_change_24h': -4.25, 'percent_change_1h': 0.5515614, 'percent_change_24h': 1.90780635, 'percent_change_7d': -6.03279166, 'percent_change_30d': 8.10079906, 'percent_change_60d': 35.1553688, 'percent_change_90d': 11.21646463, 'market_cap': 7329200843.8613825, 'market_cap_dominance': 0.6944, 'fully_diluted_market_cap': 8129902333.55, 'tvl': None, 'last_updated': '2023-02-15T19:11:00.000Z'}}"
9,2,Litecoin,LTC,litecoin,873,2013-04-28T00:00:00.000Z,"['mineable', 'pow', 'scrypt', 'medium-of-exchange']",84000000.0,72287103.03913172,84000000.0,,14,,,,2023-02-15T19:11:00.000Z,"{'USD': {'price': 97.79348133068252, 'volume_24h': 571632366.716895, 'volume_change_24h': -2.1401, 'percent_change_1h': 0.45041194, 'percent_change_24h': 2.67855634, 'percent_change_7d': -1.30598149, 'percent_change_30d': 12.0764108, 'percent_change_60d': 52.89578723, 'percent_change_90d': 61.33730455, 'market_cap': 7069207461.506452, 'market_cap_dominance': 0.6697, 'fully_diluted_market_cap': 8214652431.78, 'tvl': None, 'last_updated': '2023-02-15T19:11:00.000Z'}}"
10,1958,TRON,TRX,tron,725,2017-09-13T00:00:00.000Z,"['media', 'payments', 'tron-ecosystem']",,91612583972.16025,91612599387.98383,,15,71659659264.0,4972736720.038312,,2023-02-15T19:11:00.000Z,"{'USD': {'price': 0.06939380916839621, 'volume_24h': 298323882.3736818, 'volume_change_24h': -1.0097, 'percent_change_1h': 0.11963017, 'percent_change_24h': 4.42964263, 'percent_change_7d': 4.57419274, 'percent_change_30d': 10.29803167, 'percent_change_60d': 29.92191985, 'percent_change_90d': 38.69612435, 'market_cap': 6357346169.587762, 'market_cap_dominance': 0.6021, 'fully_diluted_market_cap': 6357347239.35, 'tvl': None, 'last_updated': '2023-02-15T19:11:00.000Z'}}"
11,5805,Avalanche,AVAX,avalanche,375,2020-07-13T00:00:00.000Z,"['defi', 'smart-contracts', 'three-arrows-capital-portfolio', 'polychain-capital-portfolio', 'avalanche-ecosystem', 'cms-holdings-portfolio', 'dragonfly-capital-portfolio', 'moonriver-ecosystem', 'injective-ecosystem']",720000000.0,315125667.22776514,420531657.22776514,,16,,,,2023-02-15T19:11:00.000Z,"{'USD': {'price': 18.760373616156347, 'volume_24h': 179802887.8381317, 'volume_change_24h': -26.8773, 'percent_change_1h': 1.00816015, 'percent_change_24h': 4.25841992, 'percent_change_7d': -6.1978648, 'percent_change_30d': 11.28045704, 'percent_change_60d': 58.15600901, 'percent_change_90d': 44.30851151, 'market_cap': 5911875253.23343, 'market_cap_dominance': 0.5601, 'fully_diluted_market_cap': 13507469003.63, 'tvl': None, 'last_updated': '2023-02-15T19:11:00.000Z'}}"
12,3794,Cosmos,ATOM,cosmos,397,2019-03-14T00:00:00.000Z,"['platform', 'cosmos-ecosystem', 'content-creation', 'interoperability', 'polychain-capital-portfolio', 'dragonfly-capital-portfolio', 'hashkey-capital-portfolio', '1confirmation-portfolio', 'paradigm-portfolio', 'exnetwork-capital-portfolio', 'injective-ecosystem']",,286370297.0,0.0,,20,,,,2023-02-15T19:11:00.000Z,"{'USD': {'price': 13.578537181732349, 'volume_24h': 157540501.95618117, 'volume_change_24h': -14.7357, 'percent_change_1h': 0.48130204, 'percent_change_24h': 0.68528265, 'percent_change_7d': -9.52128358, 'percent_change_30d': 10.24412712, 'percent_change_60d': 55.60738501, 'percent_change_90d': 36.17118551, 'market_cap': 3888489725.5582356, 'market_cap_dominance': 0.3684, 'fully_diluted_market_cap': 0, 'tvl': None, 'last_updated': '2023-02-15T19:11:00.000Z'}}"
13,1321,Ethereum Classic,ETC,ethereum-classic,371,2016-07-24T00:00:00.000Z,"['mineable', 'pow', 'ethash', 'platform', 'smart-contracts', 'dcg-portfolio']",210700000.0,139291503.6691034,210700000.0,,23,,,,2023-02-15T19:11:00.000Z,"{'USD': {'price': 21.50870334218542, 'volume_24h': 165391479.35090834, 'volume_change_24h': 2.9589, 'percent_change_1h': 0.39083657, 'percent_change_24h': 2.2174177, 'percent_change_7d': -4.60105678, 'percent_change_30d': -2.15941295, 'percent_change_60d': 35.50184394, 'percent_change_90d': 9.19232175, 'market_cap': 2995979630.505677, 'market_cap_dominance': 0.2838, 'fully_diluted_market_cap': 4531883794.2, 'tvl': None, 'last_updated': '2023-02-15T19:11:00.000Z'}}"
14,328,Monero,XMR,monero,205,2014-05-21T00:00:00.000Z,"['mineable', 'pow', 'medium-of-exchange', 'privacy', 'ringct', 'boostvc-portfolio', 'electric-capital-portfolio', 'galaxy-digital-portfolio']",,18240755.11188879,18240755.11188879,,24,,,,2023-02-15T19:11:00.000Z,"{'USD': {'price': 162.58585906045977, 'volume_24h': 86382291.8927873, 'volume_change_24h': -17.6364, 'percent_change_1h': 0.3385812, 'percent_change_24h': 3.14386194, 'percent_change_7d': -2.03597413, 'percent_change_30d': -4.40341004, 'percent_change_60d': 14.58578873, 'percent_change_90d': 23.61238292, 'market_cap': 2965688839.7779117, 'market_cap_dominance': 0.281, 'fully_diluted_market_cap': 2965688839.78, 'tvl': None, 'last_updated': '2023-02-15T19:11:00.000Z'}}"
15,11419,Toncoin,TON,toncoin,85,2021-08-26T13:40:22.000Z,['pos'],5000000000.0,1221401181.0,5047558528.0,,25,3414166606.0,7868745862.02212,,2023-02-15T19:11:00.000Z,"{'USD': {'price': 2.304734001027869, 'volume_24h': 26306482.09667046, 'volume_change_24h': -10.7549, 'percent_change_1h': -0.04406936, 'percent_change_24h': 0.96616669, 'percent_change_7d': 1.16763358, 'percent_change_30d': -0.68888089, 'percent_change_60d': -9.37011721, 'percent_change_90d': 28.32110765, 'market_cap': 2815004830.7462945, 'market_cap_dominance': 0.2667, 'fully_diluted_market_cap': 11523670005.14, 'tvl': None, 'last_updated': '2023-02-15T19:11:00.000Z'}}"
16,1831,Bitcoin Cash,BCH,bitcoin-cash,671,2017-07-23T00:00:00.000Z,"['mineable', 'pow', 'sha-256', 'marketplace', 'medium-of-exchange', 'store-of-value', 'enterprise-solutions', 'payments']",21000000.0,19312556.25,19312556.25,,27,,,,2023-02-15T19:11:00.000Z,"{'USD': {'price': 127.86504884202814, 'volume_24h': 190255606.21559528, 'volume_change_24h': -2.9507, 'percent_change_1h': 0.47383204, 'percent_change_24h': 1.46083771, 'percent_change_7d': -3.15687923, 'percent_change_30d': 3.30786573, 'percent_change_60d': 24.63625434, 'percent_change_90d': 24.17395375, 'market_cap': 2469400948.1706657, 'market_cap_dominance': 0.2339, 'fully_diluted_market_cap': 2685166025.68, 'tvl': None, 'last_updated': '2023-02-15T19:11:00.000Z'}}"
17,512,Stellar,XLM,stellar,478,2014-08-05T00:00:00.000Z,"['medium-of-exchange', 'enterprise-solutions', 'decentralized-exchange-dex-token', 'smart-contracts', 'hashkey-capital-portfolio']",50001806812.0,26324085138.986183,50001787454.757675,,30,,,,2023-02-15T19:11:00.000Z,"{'USD': {'price': 0.08700935446156297, 'volume_24h': 54407336.0631614, 'volume_change_24h': -2.1908, 'percent_change_1h': 0.49067102, 'percent_change_24h': 2.26440415, 'percent_change_7d': -4.42058314, 'percent_change_30d': -1.38219765, 'percent_change_60d': 16.69594416, 'percent_change_90d': -3.36934809, 'market_cap': 2290441654.734411, 'market_cap_dominance': 0.217, 'fully_diluted_market_cap': 4350624932.62, 'tvl': None, 'last_updated': '2023-02-15T19:11:00.000Z'}}"
18,4642,Hedera,HBAR,hedera,125,2019-09-17T00:00:00.000Z,"['dag', 'marketplace', 'enterprise-solutions', 'payments', 'dcg-portfolio']",50000000000.0,26051470158.876575,50000000000.0,,31,,,,2023-02-15T19:11:00.000Z,"{'USD': {'price': 0.08697229732878393, 'volume_24h': 78047050.9600804, 'volume_change_24h': -49.3251, 'percent_change_1h': -0.11755558, 'percent_change_24h': 0.01225227, 'percent_change_7d': 14.46089543, 'percent_change_30d': 62.41645111, 'percent_change_60d': 105.57152701, 'percent_change_90d': 74.00373357, 'market_cap': 2265756208.5097556, 'market_cap_dominance': 0.2147, 'fully_diluted_market_cap': 4348614866.44, 'tvl': None, 'last_updated': '2023-02-15T19:11:00.000Z'}}"
19,2280,Filecoin,FIL,filecoin,275,2017-12-13T00:00:00.000Z,"['mineable', 'distributed-computing', 'filesharing', 'storage', 'polychain-capital-portfolio', 'blockchain-capital-portfolio', 'boostvc-portfolio', 'dcg-portfolio', 'hashkey-capital-portfolio', 'a16z-portfolio', 'winklevoss-capital-portfolio', 'pantera-capital-portfolio', 'web3']",,389513726.0,389513726.0,,32,,,,2023-02-15T19:11:00.000Z,"{'USD': {'price': 5.28485435483145, 'volume_24h': 152852216.5223178, 'volume_change_24h': -4.0273, 'percent_change_1h': 1.13505717, 'percent_change_24h': 4.38692538, 'percent_change_7d': -2.23560587, 'percent_change_30d': 14.23951529, 'percent_change_60d': 74.51889006, 'percent_change_90d': 21.92047097, 'market_cap': 2058523311.1177242, 'market_cap_dominance': 0.195, 'fully_diluted_market_cap': 2058523311.12, 'tvl': None, 'last_updated': '2023-02-15T19:11:00.000Z'}}"
20,6535,NEAR Protocol,NEAR,near-protocol,219,2020-08-11T00:00:00.000Z,"['platform', 'staking', 'coinbase-ventures-portfolio', 'three-arrows-capital-portfolio', 'arrington-xrp-capital-portfolio', 'coinfund-portfolio', 'electric-capital-portfolio', 'fabric-ventures-portfolio', 'kenetic-capital-portfolio', 'near-protocol-ecosystem', 'injective-ecosystem']",1000000000.0,858312010.0,1000000000.0,,34,,,,2023-02-15T19:11:00.000Z,"{'USD': {'price': 2.3236376776192, 'volume_24h': 133382169.86381496, 'volume_change_24h': 0.4676, 'percent_change_1h': 0.52223353, 'percent_change_24h': 3.99327528, 'percent_change_7d': -13.82441459, 'percent_change_30d': 6.11163519, 'percent_change_60d': 68.19438956, 'percent_change_90d': 25.82642818, 'market_cap': 1994406125.5890677, 'market_cap_dominance': 0.189, 'fully_diluted_market_cap': 2323637677.62, 'tvl': None, 'last_updated': '2023-02-15T19:11:00.000Z'}}"
21,4030,Algorand,ALGO,algorand,281,2019-06-20T00:00:00.000Z,"['pos', 'platform', 'research', 'smart-contracts', 'arrington-xrp-capital-portfolio', 'kenetic-capital-portfolio', 'usv-portfolio', 'multicoin-capital-portfolio', 'exnetwork-capital-portfolio']",10000000000.0,7176448012.870872,7398646170.944201,,36,,,,2023-02-15T19:11:00.000Z,"{'USD': {'price': 0.26719240751724493, 'volume_24h': 87711952.00203079, 'volume_change_24h': 0.6344, 'percent_change_1h': 0.50776566, 'percent_change_24h': 5.34208542, 'percent_change_7d': -7.30801021, 'percent_change_30d': 14.49443824, 'percent_change_60d': 39.92415164, 'percent_change_90d': 0.46127347, 'market_cap': 1917492421.9813166, 'market_cap_dominance': 0.1817, 'fully_diluted_market_cap': 2671924075.17, 'tvl': None, 'last_updated': '2023-02-15T19:11:00.000Z'}}"
22,3077,VeChain,VET,vechain,212,2017-08-22T00:00:00.000Z,"['logistics', 'data-provenance', 'iot', 'smart-contracts', 'fenbushi-capital-portfolio']",86712634466.0,72511146418.0,85985041177.0,,37,72511146418.0,1790556922.294241,,2023-02-15T19:11:00.000Z,"{'USD': {'price': 0.02469354038305147, 'volume_24h': 50151065.22908047, 'volume_change_24h': -1.464, 'percent_change_1h': 1.07868248, 'percent_change_24h': 5.12455992, 'percent_change_7d': -4.53736325, 'percent_change_30d': 16.07470801, 'percent_change_60d': 47.68484544, 'percent_change_90d': 27.8443247, 'market_cap': 1790556922.294241, 'market_cap_dominance': 0.1696, 'fully_diluted_market_cap': 2141241940.91, 'tvl': None, 'last_updated': '2023-02-15T19:11:00.000Z'}}"
23,3513,Fantom,FTM,fantom,418,2018-10-29T00:00:00.000Z,"['platform', 'enterprise-solutions', 'defi', 'research', 'scaling', 'smart-contracts', 'fantom-ecosystem', 'injective-ecosystem']",3175000000.0,2777249355.0655255,3175000000.0,,41,,,,2023-02-15T19:11:00.000Z,"{'USD': {'price': 0.5399826643599775, 'volume_24h': 489635896.4984685, 'volume_change_24h': -20.7472, 'percent_change_1h': 0.90150863, 'percent_change_24h': 5.02763395, 'percent_change_7d': 1.91357196, 'percent_change_30d': 65.35822207, 'percent_change_60d': 164.25892565, 'percent_change_90d': 199.35483244, 'market_cap': 1499666506.3403118, 'market_cap_dominance': 0.1421, 'fully_diluted_market_cap': 1714444959.34, 'tvl': None, 'last_updated': '2023-02-15T19:11:00.000Z'}}"
24,1765,EOS,EOS,eos,509,2017-07-01T00:00:00.000Z,"['medium-of-exchange', 'enterprise-solutions', 'smart-contracts', 'eos', 'fenbushi-capital-portfolio', 'galaxy-digital-portfolio']",,1081263745.2063,1082798209.3423,,45,,,,2023-02-15T19:11:00.000Z,"{'USD': {'price': 1.0608082483839625, 'volume_24h': 91875704.38441448, 'volume_change_24h': -3.0074, 'percent_change_1h': 0.4835028, 'percent_change_24h': 1.85554324, 'percent_change_7d': -2.32969506, 'percent_change_30d': 1.95937801, 'percent_change_60d': 20.23329351, 'percent_change_90d': 18.11370888, 'market_cap': 1147013499.5933783, 'market_cap_dominance': 0.1086, 'fully_diluted_market_cap': 1148641271.81, 'tvl': None, 'last_updated': '2023-02-15T19:11:00.000Z'}}"
25,6892,MultiversX,EGLD,multiversx-egld,139,2020-09-04T00:00:00.000Z,"['binance-launchpad', 'binance-labs-portfolio', 'electric-capital-portfolio', 'exnetwork-capital-portfolio', 'elrond-ecosystem', 'injective-ecosystem', 'bnb-chain']",31415926.0,25005749.0,25010901.0,,47,25005749.0,1133088853.3037817,,2023-02-15T19:11:00.000Z,"{'USD': {'price': 45.31313392387414, 'volume_24h': 33384884.23840876, 'volume_change_24h': -3.4006, 'percent_change_1h': 0.30490832, 'percent_change_24h': 3.95977666, 'percent_change_7d': -1.3098724, 'percent_change_30d': 12.09746064, 'percent_change_60d': 16.64125678, 'percent_change_90d': 4.86311376, 'market_cap': 1133088853.3037817, 'market_cap_dominance': 0.1073, 'fully_diluted_market_cap': 1423554062.18, 'tvl': None, 'last_updated': '2023-02-15T19:11:00.000Z'}}"
26,4558,Flow,FLOW,flow,117,2021-01-27T00:00:00.000Z,"['collectibles-nfts', 'coinbase-ventures-portfolio', 'coinfund-portfolio', 'dcg-portfolio', 'ledgerprime-portfolio', 'a16z-portfolio', 'animoca-brands-portfolio']",,1036200000.0,1414011748.0,,48,,,,2023-02-15T19:11:00.000Z,"{'USD': {'price': 1.088395070977549, 'volume_24h': 48397504.69994004, 'volume_change_24h': -13.1655, 'percent_change_1h': 0.87692457, 'percent_change_24h': 5.91950691, 'percent_change_7d': -7.13615899, 'percent_change_30d': 1.66716635, 'percent_change_60d': 45.60324471, 'percent_change_90d': -9.19199408, 'market_cap': 1127794972.5469363, 'market_cap_dominance': 0.1068, 'fully_diluted_market_cap': 1539003416.83, 'tvl': None, 'last_updated': '2023-02-15T19:11:00.000Z'}}"
27,2416,Theta Network,THETA,theta-network,139,2018-01-17T00:00:00.000Z,"['media', 'collectibles-nfts', 'content-creation', 'defi', 'video', 'metaverse', 'huobi-capital-portfolio', 'web3']",1000000000.0,1000000000.0,1000000000.0,,49,,,,2023-02-15T19:11:00.000Z,"{'USD': {'price': 1.1176908134013048, 'volume_24h': 23501880.27174668, 'volume_change_24h': 16.4394, 'percent_change_1h': 1.53501544, 'percent_change_24h': 4.85473758, 'percent_change_7d': -1.52007384, 'percent_change_30d': 21.81877405, 'percent_change_60d': 50.76633843, 'percent_change_90d': 26.80068767, 'market_cap': 1117690813.4013047, 'market_cap_dominance': 0.1059, 'fully_diluted_market_cap': 1117690813.4, 'tvl': None, 'last_updated': '2023-02-15T19:11:00.000Z'}}"
28,2011,Tezos,XTZ,tezos,262,2017-10-06T00:00:00.000Z,"['pos', 'platform', 'enterprise-solutions', 'collectibles-nfts', 'defi', 'smart-contracts', 'polychain-capital-portfolio', 'boostvc-portfolio', 'winklevoss-capital-portfolio']",,927236843.452244,948649719.987547,,51,,,,2023-02-15T19:11:00.000Z,"{'USD': {'price': 1.1030614296252266, 'volume_24h': 21187747.87890624, 'volume_change_24h': -6.0423, 'percent_change_1h': 0.83708234, 'percent_change_24h': 4.60262466, 'percent_change_7d': -9.49630042, 'percent_change_30d': 7.82518509, 'percent_change_60d': 29.11400398, 'percent_change_90d': 12.27881463, 'market_cap': 1022799198.1396147, 'market_cap_dominance': 0.0969, 'fully_diluted_market_cap': 1046418916.34, 'tvl': None, 'last_updated': '2023-02-15T19:11:00.000Z'}}"
29,4172,Terra Classic,LUNC,terra-luna,390,2019-07-26T00:00:00.000Z,"['cosmos-ecosystem', 'store-of-value', 'defi', 'payments', 'coinbase-ventures-portfolio', 'binance-labs-portfolio', 'solana-ecosystem', 'arrington-xrp-capital-portfolio', 'hashkey-capital-portfolio', 'kenetic-capital-portfolio', 'huobi-capital-portfolio', 'pantera-capital-portfolio', 'terra-ecosystem', 'injective-ecosystem']",,5913993123451.574,6870084302254.723,,52,5913973315880.691,1012461992.8791248,,2023-02-15T19:11:00.000Z,"{'USD': {'price': 0.0001711982687105432, 'volume_24h': 77660539.76342614, 'volume_change_24h': -30.7887, 'percent_change_1h': 0.70116646, 'percent_change_24h': 1.25824547, 'percent_change_7d': -4.54191292, 'percent_change_30d': -4.17877241, 'percent_change_60d': 21.79563753, 'percent_change_90d': -1.31774257, 'market_cap': 1012465383.9009672, 'market_cap_dominance': 0.0959, 'fully_diluted_market_cap': 1176146538.44, 'tvl': None, 'last_updated': '2023-02-15T19:11:00.000Z'}}"
30,8646,Mina,MINA,mina,79,2021-03-02T00:00:00.000Z,"['pos', 'zero-knowledge-proofs', 'staking', 'coinbase-ventures-portfolio', 'three-arrows-capital-portfolio', 'polychain-capital-portfolio']",,839601872.8400393,824104972.0,,53,,,,2023-02-15T19:11:00.000Z,"{'USD': {'price': 1.1864285103950394, 'volume_24h': 172467212.39264452, 'volume_change_24h': -0.3267, 'percent_change_1h': 3.95403626, 'percent_change_24h': 19.24133517, 'percent_change_7d': 44.2779777, 'percent_change_30d': 111.71238639, 'percent_change_60d': 147.38340732, 'percent_change_90d': 109.75187785, 'market_cap': 996127599.318493, 'market_cap_dominance': 0.0944, 'fully_diluted_market_cap': 977741634.34, 'tvl': None, 'last_updated': '2023-02-15T19:11:00.000Z'}}"
31,3602,Bitcoin SV,BSV,bitcoin-sv,188,2018-11-09T00:00:00.000Z,"['mineable', 'pow', 'sha-256', 'medium-of-exchange', 'store-of-value', 'state-channel']",21000000.0,19266076.64423905,19266076.64423905,,63,,,,2023-02-15T19:11:00.000Z,"{'USD': {'price': 41.18575563388307, 'volume_24h': 34824608.00938641, 'volume_change_24h': 6.3232, 'percent_change_1h': 0.44974978, 'percent_change_24h': 0.91119115, 'percent_change_7d': -2.9978836, 'percent_change_30d': -7.36229741, 'percent_change_60d': -9.97272657, 'percent_change_90d': 7.77094827, 'market_cap': 793487924.6932914, 'market_cap_dominance': 0.0752, 'fully_diluted_market_cap': 864900868.31, 'tvl': None, 'last_updated': '2023-02-15T19:11:00.000Z'}}"
32,131,Dash,DASH,dash,365,2014-02-14T00:00:00.000Z,"['mineable', 'hybrid-pow-pos', 'x11', 'medium-of-exchange', 'privacy', 'masternodes', 'dao', 'governance']",18900000.0,11120724.81411102,11143193.41311235,,64,,,,2023-02-15T19:11:00.000Z,"{'USD': {'price': 69.6394833472242, 'volume_24h': 139382551.0364345, 'volume_change_24h': -7.7774, 'percent_change_1h': 0.58759147, 'percent_change_24h': 3.45027656, 'percent_change_7d': 8.85910835, 'percent_change_30d': 40.44317294, 'percent_change_60d': 62.89400187, 'percent_change_90d': 106.44214976, 'market_cap': 774441530.5013473, 'market_cap_dominance': 0.0734, 'fully_diluted_market_cap': 1316186235.26, 'tvl': None, 'last_updated': '2023-02-15T19:11:00.000Z'}}"
33,1437,Zcash,ZEC,zcash,281,2016-10-29T00:00:00.000Z,"['mineable', 'pow', 'equihash', 'medium-of-exchange', 'privacy', 'zero-knowledge-proofs', 'binance-chain', 'boostvc-portfolio', 'dcg-portfolio', 'electric-capital-portfolio', 'fenbushi-capital-portfolio', 'hashkey-capital-portfolio', 'winklevoss-capital-portfolio', 'placeholder-ventures-portfolio', 'pantera-capital-portfolio', 'bnb-chain']",21000000.0,16328268.75,16328268.75,,65,,,,2023-02-15T19:11:00.000Z,"{'USD': {'price': 44.43459246458378, 'volume_24h': 66055608.06517252, 'volume_change_24h': -4.861, 'percent_change_1h': 1.06172627, 'percent_change_24h': 2.28863994, 'percent_change_7d': -1.97641713, 'percent_change_30d': 3.38602405, 'percent_change_60d': 4.55158752, 'percent_change_90d': 10.41952957, 'market_cap': 725539967.5584488, 'market_cap_dominance': 0.0687, 'fully_diluted_market_cap': 933126441.76, 'tvl': None, 'last_updated': '2023-02-15T19:11:00.000Z'}}"
34,10791,eCash,XEC,ecash,59,2021-07-08T00:00:00.000Z,[],21000000000000.0,19308842173303.0,19308842173303.0,,70,19308860923303.0,670669705.3698679,,2023-02-15T19:11:00.000Z,"{'USD': {'price': 3.4733778861106545e-05, 'volume_24h': 10466336.09937962, 'volume_change_24h': 11.7808, 'percent_change_1h': 0.45212429, 'percent_change_24h': 4.55968409, 'percent_change_7d': -6.40167658, 'percent_change_30d': 16.4137767, 'percent_change_60d': 40.76898116, 'percent_change_90d': 21.65370915, 'market_cap': 670669054.1115143, 'market_cap_dominance': 0.0635, 'fully_diluted_market_cap': 729409356.08, 'tvl': None, 'last_updated': '2023-02-15T19:11:00.000Z'}}"
35,1720,IOTA,MIOTA,iota,86,2017-06-13T00:00:00.000Z,"['dag', 'medium-of-exchange', 'iot', 'sharing-economy']",2779530283.0,2779530283.0,2779530283.0,,71,,,,2023-02-15T19:11:00.000Z,"{'USD': {'price': 0.24023009017160674, 'volume_24h': 9579522.74398025, 'volume_change_24h': -13.5274, 'percent_change_1h': 1.45976509, 'percent_change_24h': 4.42794201, 'percent_change_7d': -1.39798233, 'percent_change_30d': 13.55273921, 'percent_change_60d': 41.71738888, 'percent_change_90d': 9.97033122, 'market_cap': 667726810.5198016, 'market_cap_dominance': 0.0633, 'fully_diluted_market_cap': 667726810.52, 'tvl': None, 'last_updated': '2023-02-15T19:11:00.000Z'}}"
36,4256,Klaytn,KLAY,klaytn,145,2020-03-30T00:00:00.000Z,"['platform', 'enterprise-solutions', 'injective-ecosystem']",,3097831888.2578845,11024604792.257885,,73,,,,2023-02-15T19:11:00.000Z,"{'USD': {'price': 0.20761838267408345, 'volume_24h': 35617961.33667032, 'volume_change_24h': 0.5566, 'percent_change_1h': 0.24162025, 'percent_change_24h': 4.44436625, 'percent_change_7d': 2.55645186, 'percent_change_30d': 9.93240408, 'percent_change_60d': 33.56813173, 'percent_change_90d': 23.54538028, 'market_cap': 643166846.436304, 'market_cap_dominance': 0.0609, 'fully_diluted_market_cap': 2288910616.59, 'tvl': None, 'last_updated': '2023-02-15T19:11:00.000Z'}}"
37,1376,Neo,NEO,neo,258,2016-09-08T00:00:00.000Z,"['platform', 'enterprise-solutions', 'smart-contracts']",100000000.0,70538831.0,100000000.0,,75,,,,2023-02-15T19:11:00.000Z,"{'USD': {'price': 8.81852950431753, 'volume_24h': 24273864.54476861, 'volume_change_24h': -22.8972, 'percent_change_1h': 0.52598865, 'percent_change_24h': 2.06205482, 'percent_change_7d': 0.380125, 'percent_change_30d': 15.82128698, 'percent_change_60d': 34.42837941, 'percent_change_90d': 33.84538596, 'market_cap': 622048762.373568, 'market_cap_dominance': 0.0589, 'fully_diluted_market_cap': 881852950.43, 'tvl': None, 'last_updated': '2023-02-15T19:11:00.000Z'}}"
38,12220,Osmosis,OSMO,osmosis,68,2021-09-30T16:58:27.000Z,"['cosmos-ecosystem', 'injective-ecosystem']",1000000000.0,492590761.0,325000000.0,,84,,,,2023-02-15T19:11:00.000Z,"{'USD': {'price': 0.9979107673356891, 'volume_24h': 11343135.84048163, 'volume_change_24h': -25.9181, 'percent_change_1h': 0.38169266, 'percent_change_24h': 0.99201266, 'percent_change_7d': -9.42811125, 'percent_change_30d': 17.97221824, 'percent_change_60d': 29.00578911, 'percent_change_90d': -10.33683023, 'market_cap': 491561624.29198104, 'market_cap_dominance': 0.0466, 'fully_diluted_market_cap': 997910767.34, 'tvl': None, 'last_updated': '2023-02-15T19:11:00.000Z'}}"
39,2469,Zilliqa,ZIL,zilliqa,240,2018-01-25T00:00:00.000Z,"['mineable', 'platform', 'payments', 'smart-contracts', 'polychain-capital-portfolio', 'metaverse', 'kenetic-capital-portfolio', 'zilliqa-ecosystem', 'bnb-chain']",21000000000.0,15867699446.7699,17185181430.779327,,85,,,,2023-02-15T19:11:00.000Z,"{'USD': {'price': 0.030483947631137334, 'volume_24h': 63789993.07293039, 'volume_change_24h': -29.5502, 'percent_change_1h': 1.64460129, 'percent_change_24h': 4.53376995, 'percent_change_7d': 0.38550175, 'percent_change_30d': 12.19166223, 'percent_change_60d': 62.59459048, 'percent_change_90d': 43.55634893, 'market_cap': 483710118.96196043, 'market_cap_dominance': 0.0458, 'fully_diluted_market_cap': 640162900.25, 'tvl': None, 'last_updated': '2023-02-15T19:11:00.000Z'}}"
40,4847,Stacks,STX,stacks,69,2019-10-28T00:00:00.000Z,"['mineable', 'platform', 'collectibles-nfts', 'defi', 'smart-contracts', 'metaverse', 'arrington-xrp-capital-portfolio', 'blockchain-capital-portfolio', 'dcg-portfolio', 'fabric-ventures-portfolio', 'hashkey-capital-portfolio', 'huobi-capital-portfolio', 'usv-portfolio', 'web3', 'injective-ecosystem']",1818000000.0,1360385546.226063,1352464600.0,,91,1048765672.087772,348674641.2547389,,2023-02-15T19:11:00.000Z,"{'USD': {'price': 0.33246191264120445, 'volume_24h': 64489369.00362939, 'volume_change_24h': 135.05, 'percent_change_1h': 2.35031437, 'percent_change_24h': 10.43770611, 'percent_change_7d': 7.84475232, 'percent_change_30d': 20.53517957, 'percent_change_60d': 40.63431149, 'percent_change_90d': 46.35049359, 'market_cap': 452276380.62776655, 'market_cap_dominance': 0.0428, 'fully_diluted_market_cap': 604415757.18, 'tvl': None, 'last_updated': '2023-02-15T19:11:00.000Z'}}"
41,21296,EthereumPoW,ETHW,ethereum-pow,75,2022-08-08T05:19:50.000Z,['pow'],,107818999.04993,107818999.04993,,96,,,,2023-02-15T19:11:00.000Z,"{'USD': {'price': 3.878343193381774, 'volume_24h': 18634791.32239639, 'volume_change_24h': 15.6707, 'percent_change_1h': 1.12242389, 'percent_change_24h': 5.32061862, 'percent_change_7d': -7.61671066, 'percent_change_30d': 1.73967185, 'percent_change_60d': 28.13205634, 'percent_change_90d': 1.2416479, 'market_cap': 418159081.082532, 'market_cap_dominance': 0.0396, 'fully_diluted_market_cap': 418159081.08, 'tvl': None, 'last_updated': '2023-02-15T19:11:00.000Z'}}"
42,5899,Casper,CSPR,casper,47,2020-07-21T00:00:00.000Z,"['enterprise-solutions', 'arrington-xrp-capital-portfolio', 'hashkey-capital-portfolio', 'web3', 'okex-blockdream-ventures-portfolio']",,10750285251.0,11503035262.0,,97,,,,2023-02-15T19:11:00.000Z,"{'USD': {'price': 0.03828578059601525, 'volume_24h': 8410034.35926678, 'volume_change_24h': -12.6801, 'percent_change_1h': 0.01228797, 'percent_change_24h': 4.39428519, 'percent_change_7d': -11.12871882, 'percent_change_30d': 17.42937168, 'percent_change_60d': 38.52049997, 'percent_change_90d': 42.24804012, 'market_cap': 411583062.4643647, 'market_cap_dominance': 0.039, 'fully_diluted_market_cap': 440402684.23, 'tvl': None, 'last_updated': '2023-02-15T19:11:00.000Z'}}"
43,20314,Terra,LUNA,terra-luna-v2,96,2022-05-26T12:47:26.000Z,[],0.0,216919828.726752,1004262701.0,,98,216919828.726752,410700896.3500102,,2023-02-15T19:11:00.000Z,"{'USD': {'price': 1.8933303550933507, 'volume_24h': 61000337.56069668, 'volume_change_24h': -25.8451, 'percent_change_1h': 0.4317686, 'percent_change_24h': 3.13037513, 'percent_change_7d': -7.13616569, 'percent_change_30d': -11.62307965, 'percent_change_60d': 45.60280547, 'percent_change_90d': 13.4633134, 'market_cap': 410700896.3500102, 'market_cap_dominance': 0.0389, 'fully_diluted_market_cap': 1901401056.29, 'tvl': None, 'last_updated': '2023-02-15T19:11:00.000Z'}}"
44,5632,Arweave,AR,arweave,79,2020-05-27T00:00:00.000Z,"['distributed-computing', 'filesharing', 'storage', 'coinbase-ventures-portfolio', 'solana-ecosystem', 'arrington-xrp-capital-portfolio', 'blockchain-capital-portfolio', 'a16z-portfolio', 'multicoin-capital-portfolio', 'web3']",66000000.0,33394701.0,63190435.0,,101,,,,2023-02-15T19:11:00.000Z,"{'USD': {'price': 11.71956249038086, 'volume_24h': 39030636.31958826, 'volume_change_24h': 8.1028, 'percent_change_1h': 0.20281213, 'percent_change_24h': 4.7973592, 'percent_change_7d': 0.91575004, 'percent_change_30d': 30.52906133, 'percent_change_60d': 55.24505525, 'percent_change_90d': 19.39461104, 'market_cap': 391371285.21708417, 'market_cap_dominance': 0.0371, 'fully_diluted_market_cap': 773491124.37, 'tvl': None, 'last_updated': '2023-02-15T19:11:00.000Z'}}"
45,5567,Celo,CELO,celo,139,2020-05-22T00:00:00.000Z,"['pos', 'zero-knowledge-proofs', 'mobile', 'payments', 'smart-contracts', 'coinbase-ventures-portfolio', 'polychain-capital-portfolio', 'dragonfly-capital-portfolio', 'electric-capital-portfolio', 'a16z-portfolio', 'celo-ecosystem']",1000000000.0,487448202.0,1000000000.0,,102,,,,2023-02-15T19:11:00.000Z,"{'USD': {'price': 0.7818664031420806, 'volume_24h': 20327371.71017075, 'volume_change_24h': -25.2613, 'percent_change_1h': 1.33458413, 'percent_change_24h': 5.0100631, 'percent_change_7d': -5.53737682, 'percent_change_30d': 8.33932132, 'percent_change_60d': 53.10804339, 'percent_change_90d': 76.78577855, 'market_cap': 381119372.41581434, 'market_cap_dominance': 0.0361, 'fully_diluted_market_cap': 781866403.14, 'tvl': None, 'last_updated': '2023-02-15T19:11:00.000Z'}}"
46,2634,XDC Network,XDC,xinfin,60,2018-04-12T00:00:00.000Z,['xdc-ecosystem'],,13815371002.2,37705012698.75,,107,13815378977.55,373318474.72048247,,2023-02-15T19:11:00.000Z,"{'USD': {'price': 0.02702194962057322, 'volume_24h': 2232664.44415693, 'volume_change_24h': -7.9041, 'percent_change_1h': 0.11382655, 'percent_change_24h': 2.15603907, 'percent_change_7d': -1.54830441, 'percent_change_30d': -1.42903663, 'percent_change_60d': 15.91508829, 'percent_change_90d': 5.19431624, 'market_cap': 373318259.2109766, 'market_cap_dominance': 0.0354, 'fully_diluted_market_cap': 1018862953.59, 'tvl': None, 'last_updated': '2023-02-15T19:11:00.000Z'}}"
47,3773,Fetch.ai,FET,fetch,100,2019-03-02T00:00:00.000Z,"['cosmos-ecosystem', 'ai-big-data', 'collectibles-nfts', 'iot', 'binance-launchpad', 'web3', 'injective-ecosystem']",3409064989.0,818912300.0,1152997575.0,,108,,,,2023-02-15T19:11:00.000Z,"{'USD': {'price': 0.45242452731525024, 'volume_24h': 151964762.83359876, 'volume_change_24h': -24.5781, 'percent_change_1h': 0.57714112, 'percent_change_24h': 1.96626954, 'percent_change_7d': -5.00616577, 'percent_change_30d': 95.93247621, 'percent_change_60d': 418.98333039, 'percent_change_90d': 649.01555421, 'market_cap': 370496010.2401444, 'market_cap_dominance': 0.0351, 'fully_diluted_market_cap': 1542344616.24, 'tvl': None, 'last_updated': '2023-02-15T19:11:00.000Z'}}"
48,2577,Ravencoin,RVN,ravencoin,115,2018-03-10T00:00:00.000Z,"['mineable', 'pow', 'platform', 'crowdfunding']",21000000000.0,12156804605.28033,12215881250.28033,,109,,,,2023-02-15T19:11:00.000Z,"{'USD': {'price': 0.030252663552721402, 'volume_24h': 10681526.20481012, 'volume_change_24h': -23.8146, 'percent_change_1h': 0.54554014, 'percent_change_24h': 2.86204516, 'percent_change_7d': -4.13779972, 'percent_change_30d': 22.26335354, 'percent_change_60d': 54.83797848, 'percent_change_90d': 41.19418316, 'market_cap': 367775719.59971994, 'market_cap_dominance': 0.0348, 'fully_diluted_market_cap': 635305934.61, 'tvl': None, 'last_updated': '2023-02-15T19:11:00.000Z'}}"
49,5665,Helium,HNT,helium,69,2020-06-05T00:00:00.000Z,"['mineable', 'enterprise-solutions', 'distributed-computing', 'iot', 'usv-portfolio', 'multicoin-capital-portfolio', 'web3']",223000000.0,138523180.974737,223000000.0,,113,,,,2023-02-15T19:11:00.000Z,"{'USD': {'price': 2.559980690523891, 'volume_24h': 3193251.89621169, 'volume_change_24h': -8.5821, 'percent_change_1h': 0.66805586, 'percent_change_24h': 3.8662153, 'percent_change_7d': -14.82980853, 'percent_change_30d': -16.5307079, 'percent_change_60d': 47.02603823, 'percent_change_90d': 3.39769553, 'market_cap': 354616668.4852731, 'market_cap_dominance': 0.0336, 'fully_diluted_market_cap': 570875693.99, 'tvl': None, 'last_updated': '2023-02-15T19:11:00.000Z'}}"
50,873,NEM,XEM,nem,134,2015-04-01T00:00:00.000Z,"['poi', 'medium-of-exchange', 'payments', 'smart-contracts', 'fantom-ecosystem']",8999999999.0,8999999999.0,8999999999.0,,114,,,,2023-02-15T19:11:00.000Z,"{'USD': {'price': 0.03890657574924635, 'volume_24h': 8968440.8562906, 'volume_change_24h': 19.1142, 'percent_change_1h': 0.57818017, 'percent_change_24h': 5.11875336, 'percent_change_7d': -5.2732627, 'percent_change_30d': 6.13967154, 'percent_change_60d': 30.02179627, 'percent_change_90d': 22.24320235, 'market_cap': 350159181.7043106, 'market_cap_dominance': 0.0332, 'fully_diluted_market_cap': 350159181.7, 'tvl': None, 'last_updated': '2023-02-15T19:11:00.000Z'}}"
51,1168,Decred,DCR,decred,64,2016-02-10T00:00:00.000Z,"['mineable', 'hybrid-pow-pos', 'blake256', 'medium-of-exchange', 'store-of-value', 'privacy', 'dao', 'placeholder-ventures-portfolio']",21000000.0,14737097.16208656,14737097.16208656,,115,,,,2023-02-15T19:11:00.000Z,"{'USD': {'price': 23.75165921949827, 'volume_24h': 1658333.40183307, 'volume_change_24h': 3.5774, 'percent_change_1h': 0.3452426, 'percent_change_24h': 4.00897963, 'percent_change_7d': -0.58084084, 'percent_change_30d': 4.28098451, 'percent_change_60d': 22.45057782, 'percent_change_90d': 20.8021594, 'market_cap': 350030509.678515, 'market_cap_dominance': 0.0332, 'fully_diluted_market_cap': 498784843.61, 'tvl': None, 'last_updated': '2023-02-15T19:11:00.000Z'}}"
52,3822,Theta Fuel,TFUEL,theta-fuel,50,2019-03-28T00:00:00.000Z,"['media', 'content-creation', 'defi', 'payments']",,6031972079.0,6031972079.0,,118,,,,2023-02-15T19:11:00.000Z,"{'USD': {'price': 0.05492689261819687, 'volume_24h': 28656496.11118377, 'volume_change_24h': 309.1937, 'percent_change_1h': 0.34808625, 'percent_change_24h': 7.73973641, 'percent_change_7d': -3.30352547, 'percent_change_30d': 29.98904245, 'percent_change_60d': 51.94137942, 'percent_change_90d': 28.8378781, 'market_cap': 331317482.6591947, 'market_cap_dominance': 0.0314, 'fully_diluted_market_cap': 331317482.66, 'tvl': None, 'last_updated': '2023-02-15T19:11:00.000Z'}}"
53,3945,Harmony,ONE,harmony,125,2019-06-01T00:00:00.000Z,"['platform', 'enterprise-solutions', 'scaling', 'smart-contracts', 'binance-launchpad', 'binance-labs-portfolio', 'hashkey-capital-portfolio', 'harmony-ecosystem', 'injective-ecosystem', 'bnb-chain']",,13091544566.44785,13786644566.447866,,119,,,,2023-02-15T19:11:00.000Z,"{'USD': {'price': 0.02523005171590148, 'volume_24h': 21233039.61386344, 'volume_change_24h': -14.6359, 'percent_change_1h': 0.19418429, 'percent_change_24h': 4.6830542, 'percent_change_7d': -8.04992643, 'percent_change_30d': 41.22351957, 'percent_change_60d': 116.39923828, 'percent_change_90d': 79.3285376, 'market_cap': 330300346.4525083, 'market_cap_dominance': 0.0313, 'fully_diluted_market_cap': 347837755.4, 'tvl': None, 'last_updated': '2023-02-15T19:11:00.000Z'}}"
54,5034,Kusama,KSM,kusama,160,2019-12-12T00:00:00.000Z,"['substrate', 'polkadot-ecosystem', 'cms-holdings-portfolio', 'kenetic-capital-portfolio', '1confirmation-portfolio', 'vbc-ventures-portfolio']",,8470098.05726206,9651217.45126206,,127,8597992.0,299050146.3463138,,2023-02-15T19:11:00.000Z,"{'USD': {'price': 34.78139388200335, 'volume_24h': 19933829.57320675, 'volume_change_24h': 1.3345, 'percent_change_1h': 0.57530306, 'percent_change_24h': 4.54976886, 'percent_change_7d': -1.95293275, 'percent_change_30d': 9.46888993, 'percent_change_60d': 39.49179642, 'percent_change_90d': 43.17266836, 'market_cap': 294601816.74882305, 'market_cap_dominance': 0.0279, 'fully_diluted_market_cap': 335682795.61, 'tvl': None, 'last_updated': '2023-02-15T19:11:00.000Z'}}"
55,7129,TerraClassicUSD,USTC,terrausd,713,2020-09-21T00:00:00.000Z,"['cosmos-ecosystem', 'stablecoin', 'algorithmic-stablecoin', 'seigniorage', 'terra-ecosystem', 'injective-ecosystem', 'bnb-chain', 'usd-stablecoin']",,9799445464.411015,9801155134.801931,,129,,,,2023-02-15T19:11:00.000Z,"{'USD': {'price': 0.02985936422861134, 'volume_24h': 41230760.69307736, 'volume_change_24h': -54.6849, 'percent_change_1h': 0.62707457, 'percent_change_24h': -1.97047559, 'percent_change_7d': 3.1463038, 'percent_change_30d': 21.38214066, 'percent_change_60d': 41.67347184, 'percent_change_90d': 34.68440841, 'market_cap': 292605211.3602619, 'market_cap_dominance': 0.0277, 'fully_diluted_market_cap': 292656261.03, 'tvl': None, 'last_updated': '2023-02-15T19:11:00.000Z'}}"
56,2083,Bitcoin Gold,BTG,bitcoin-gold,69,2017-10-23T00:00:00.000Z,"['mineable', 'medium-of-exchange', 'payments']",21000000.0,17513923.589,17513923.589,,130,,,,2023-02-15T19:11:00.000Z,"{'USD': {'price': 16.50434020305089, 'volume_24h': 5735566.56147692, 'volume_change_24h': 1.4417, 'percent_change_1h': 0.2316576, 'percent_change_24h': 4.73776719, 'percent_change_7d': -3.25340106, 'percent_change_30d': 5.93162474, 'percent_change_60d': 17.12799745, 'percent_change_90d': 12.97345522, 'market_cap': 289055753.20309407, 'market_cap_dominance': 0.0274, 'fully_diluted_market_cap': 346591144.26, 'tvl': None, 'last_updated': '2023-02-15T19:11:00.000Z'}}"
57,2777,IoTeX,IOTX,iotex,111,2018-05-25T00:00:00.000Z,"['platform', 'iot', 'hashkey-capital-portfolio', 'kenetic-capital-portfolio', 'iotex-ecosystem', 'bnb-chain']",10000000000.0,9434835577.0,9449835577.0,,131,,,,2023-02-15T19:11:00.000Z,"{'USD': {'price': 0.030628916968373818, 'volume_24h': 6960196.14559057, 'volume_change_24h': -17.7495, 'percent_change_1h': 0.56846823, 'percent_change_24h': 3.23883932, 'percent_change_7d': -7.19556942, 'percent_change_30d': 6.22039684, 'percent_change_60d': 54.10591934, 'percent_change_90d': 24.4149948, 'market_cap': 288978795.49819225, 'market_cap_dominance': 0.0274, 'fully_diluted_market_cap': 306289169.68, 'tvl': None, 'last_updated': '2023-02-15T19:11:00.000Z'}}"
58,1684,Qtum,QTUM,qtum,202,2017-05-24T00:00:00.000Z,"['platform', 'smart-contracts', 'kenetic-capital-portfolio']",107822406.0,104537256.5,107822406.0,,132,,,,2023-02-15T19:11:00.000Z,"{'USD': {'price': 2.7356450404666983, 'volume_24h': 38190403.05245355, 'volume_change_24h': -0.6815, 'percent_change_1h': 0.44551925, 'percent_change_24h': 2.72698662, 'percent_change_7d': -6.07633782, 'percent_change_30d': 15.78696398, 'percent_change_60d': 35.05468015, 'percent_change_90d': 34.18561357, 'market_cap': 285976827.2882201, 'market_cap_dominance': 0.0271, 'fully_diluted_market_cap': 294963830.23, 'tvl': None, 'last_updated': '2023-02-15T19:11:00.000Z'}}"
59,9258,Chia,XCH,chia-network,48,2021-04-16T00:00:00.000Z,[],,6508535.0,27508535.0,,136,6508713.0,277232106.91468513,,2023-02-15T19:11:00.000Z,"{'USD': {'price': 42.59399775572915, 'volume_24h': 8045351.89362258, 'volume_change_24h': 8.1417, 'percent_change_1h': 0.15360322, 'percent_change_24h': 3.43681132, 'percent_change_7d': 2.29554173, 'percent_change_30d': 22.16286688, 'percent_change_60d': 39.06412883, 'percent_change_90d': 36.9752063, 'market_cap': 277224525.1830846, 'market_cap_dominance': 0.0263, 'fully_diluted_market_cap': 1171698478.05, 'tvl': None, 'last_updated': '2023-02-15T19:11:00.000Z'}}"
60,1274,Waves,WAVES,waves,220,2016-06-02T00:00:00.000Z,"['lpos', 'platform', 'smart-contracts']",,110517154.0,110659948.0,,137,,,,2023-02-15T19:11:00.000Z,"{'USD': {'price': 2.485762355776087, 'volume_24h': 66026289.98128645, 'volume_change_24h': -25.4387, 'percent_change_1h': 0.68702533, 'percent_change_24h': 3.23844793, 'percent_change_7d': -8.91232113, 'percent_change_30d': 3.90846205, 'percent_change_60d': 58.2021586, 'percent_change_90d': 7.35184191, 'market_cap': 274719381.0807086, 'market_cap_dominance': 0.026, 'fully_diluted_market_cap': 275074333.03, 'tvl': None, 'last_updated': '2023-02-15T19:11:00.000Z'}}"
61,6836,Moonbeam,GLMR,moonbeam,57,2022-01-11T12:55:50.000Z,"['smart-contracts', 'substrate', 'polkadot', 'polkadot-ecosystem', 'binance-labs-portfolio', 'arrington-xrp-capital-portfolio', 'injective-ecosystem']",,576524138.0,1046109654.0,,140,,,,2023-02-15T19:11:00.000Z,"{'USD': {'price': 0.45463268120501604, 'volume_24h': 18280694.94999369, 'volume_change_24h': 4.4371, 'percent_change_1h': 1.29339704, 'percent_change_24h': 4.37338847, 'percent_change_7d': -11.42632655, 'percent_change_30d': 13.78791195, 'percent_change_60d': 32.68341314, 'percent_change_90d': 26.39739221, 'market_cap': 262106714.63835067, 'market_cap_dominance': 0.0248, 'fully_diluted_market_cap': 475595636.83, 'tvl': None, 'last_updated': '2023-02-15T19:11:00.000Z'}}"
62,5647,Kadena,KDA,kadena,49,2020-05-31T00:00:00.000Z,"['mineable', 'pow', 'blake2s', 'platform', 'cosmos-ecosystem', 'smart-contracts', 'coinfund-portfolio', 'multicoin-capital-portfolio', 'web3', 'injective-ecosystem']",1000000000.0,220020659.94417,1000000000.0,,144,220020659.94417,245187970.59874362,,2023-02-15T19:11:00.000Z,"{'USD': {'price': 1.114386124743739, 'volume_24h': 8244871.42470601, 'volume_change_24h': -9.462, 'percent_change_1h': 0.73408604, 'percent_change_24h': 4.31707192, 'percent_change_7d': -7.8647029, 'percent_change_30d': -0.63224209, 'percent_change_60d': 21.29710242, 'percent_change_90d': 24.77942866, 'market_cap': 245187970.59874362, 'market_cap_dominance': 0.0232, 'fully_diluted_market_cap': 1114386124.74, 'tvl': None, 'last_updated': '2023-02-15T19:11:00.000Z'}}"
63,3029,Flux,FLUX,zel,78,2018-08-02T00:00:00.000Z,"['mineable', 'pow', 'distributed-computing', 'filesharing', 'interoperability', 'masternodes', 'smart-contracts', 'dao', 'dapp', 'storage', 'governance', 'web3', 'cross-chain']",440000000.0,276833130.3994039,285975806.6494039,,148,,,,2023-02-15T19:11:00.000Z,"{'USD': {'price': 0.8506293369790847, 'volume_24h': 24318211.4126212, 'volume_change_24h': 15.0105, 'percent_change_1h': -1.19482868, 'percent_change_24h': 7.52680089, 'percent_change_7d': -7.87711134, 'percent_change_30d': 27.71870523, 'percent_change_60d': 74.35503478, 'percent_change_90d': 85.66067397, 'market_cap': 235482382.16548946, 'market_cap_dominance': 0.0223, 'fully_diluted_market_cap': 374276908.27, 'tvl': None, 'last_updated': '2023-02-15T19:11:00.000Z'}}"
64,8677,Symbol,XYM,symbol,39,2021-03-03T00:00:00.000Z,['posplus'],8999999999.0,5582460004.558402,7967988929.50477,,149,,,,2023-02-15T19:11:00.000Z,"{'USD': {'price': 0.041900030717504685, 'volume_24h': 676675.76189855, 'volume_change_24h': -16.0228, 'percent_change_1h': 0.69347354, 'percent_change_24h': 2.77327972, 'percent_change_7d': -7.14422377, 'percent_change_30d': 11.57997291, 'percent_change_60d': 32.21368636, 'percent_change_90d': 33.90680456, 'market_cap': 233905245.6702384, 'market_cap_dominance': 0.0222, 'fully_diluted_market_cap': 377100276.42, 'tvl': None, 'last_updated': '2023-02-15T19:11:00.000Z'}}"
65,1042,Siacoin,SC,siacoin,75,2015-08-26T00:00:00.000Z,"['mineable', 'pow', 'blake2b', 'platform', 'distributed-computing', 'filesharing', 'storage', 'dragonfly-capital-portfolio', 'fenbushi-capital-portfolio', 'paradigm-portfolio', 'web3', 'near-protocol-ecosystem']",,53324812991.0,53324812991.0,,153,,,,2023-02-15T19:11:00.000Z,"{'USD': {'price': 0.004188374342422454, 'volume_24h': 34558875.47830067, 'volume_change_24h': 328.2254, 'percent_change_1h': -0.0765198, 'percent_change_24h': 8.37325613, 'percent_change_7d': -12.54625608, 'percent_change_30d': 44.95428061, 'percent_change_60d': 72.33874423, 'percent_change_90d': 82.14138821, 'market_cap': 223344278.54597995, 'market_cap_dominance': 0.0212, 'fully_diluted_market_cap': 223344278.55, 'tvl': None, 'last_updated': '2023-02-15T19:11:00.000Z'}}"
66,2099,ICON,ICX,icon,98,2017-10-27T00:00:00.000Z,"['platform', 'enterprise-solutions', 'interoperability', 'smart-contracts', 'kenetic-capital-portfolio', 'pantera-capital-portfolio']",,947007358.8830049,952265643.0,,155,,,,2023-02-15T19:11:00.000Z,"{'USD': {'price': 0.22552811632237754, 'volume_24h': 7818551.35710784, 'volume_change_24h': 20.3929, 'percent_change_1h': 0.99320155, 'percent_change_24h': 4.56555898, 'percent_change_7d': -0.19421786, 'percent_change_30d': 18.45683655, 'percent_change_60d': 51.38033754, 'percent_change_90d': 46.91027952, 'market_cap': 213576785.79231387, 'market_cap_dominance': 0.0202, 'fully_diluted_market_cap': 214762676.7, 'tvl': None, 'last_updated': '2023-02-15T19:11:00.000Z'}}"
67,7334,Conflux,CFX,conflux-network,58,2020-11-11T00:00:00.000Z,"['mineable', 'pow', 'platform', 'collectibles-nfts', 'defi', 'payments', 'research', 'smart-contracts', 'staking', 'hybrid-pow-dpos', 'huobi-capital-portfolio', 'web3', 'injective-ecosystem', 'bnb-chain']",,2090735404.0113816,5278164274.0,,156,,,,2023-02-15T19:11:00.000Z,"{'USD': {'price': 0.10147894524828618, 'volume_24h': 241329205.7376343, 'volume_change_24h': 1444.8832, 'percent_change_1h': 0.20764952, 'percent_change_24h': 81.97293786, 'percent_change_7d': 56.20875733, 'percent_change_30d': 270.1999901, 'percent_change_60d': 328.24208085, 'percent_change_90d': 231.19940997, 'market_cap': 212165623.5923245, 'market_cap_dominance': 0.0201, 'fully_diluted_market_cap': 535622543.37, 'tvl': None, 'last_updated': '2023-02-15T19:11:00.000Z'}}"
68,5370,Hive,HIVE,hive-blockchain,38,2020-03-26T00:00:00.000Z,"['dpos', 'media', 'content-creation', 'scaling', 'web3']",,466679415.425,466679415.425,,158,,,,2023-02-15T19:11:00.000Z,"{'USD': {'price': 0.43884365492279137, 'volume_24h': 12437119.17342649, 'volume_change_24h': 141.1271, 'percent_change_1h': 0.17832157, 'percent_change_24h': 4.95335526, 'percent_change_7d': -2.71112924, 'percent_change_30d': 23.64087325, 'percent_change_60d': 52.59925831, 'percent_change_90d': 36.67271237, 'market_cap': 204799300.3423387, 'market_cap_dominance': 0.0194, 'fully_diluted_market_cap': 204799300.34, 'tvl': None, 'last_updated': '2023-02-15T19:11:00.000Z'}}"
69,1698,Horizen,ZEN,horizen,94,2017-06-01T00:00:00.000Z,"['mineable', 'pow', 'medium-of-exchange', 'platform', 'enterprise-solutions', 'content-creation', 'privacy', 'zero-knowledge-proofs', 'masternodes', 'scaling', 'smart-contracts', 'staking', 'sidechain', 'dcg-portfolio', 'web3']",21000000.0,13371106.25,13371106.25,,160,,,,2023-02-15T19:11:00.000Z,"{'USD': {'price': 14.953434139944797, 'volume_24h': 61820152.03059585, 'volume_change_24h': 24.9244, 'percent_change_1h': 10.27308158, 'percent_change_24h': 16.17566901, 'percent_change_7d': 35.75131469, 'percent_change_30d': 43.49140939, 'percent_change_60d': 69.78010994, 'percent_change_90d': 46.8460726, 'market_cap': 199943956.68757924, 'market_cap_dominance': 0.0189, 'fully_diluted_market_cap': 314022116.94, 'tvl': None, 'last_updated': '2023-02-15T19:11:00.000Z'}}"
70,2566,Ontology,ONT,ontology,178,2018-03-08T00:00:00.000Z,"['enterprise-solutions', 'identity', 'polkadot-ecosystem', 'metaverse', 'huobi-capital-portfolio', 'fantom-ecosystem', 'web3', 'near-protocol-ecosystem', 'bnb-chain']",1000000000.0,875249524.0,1000000000.0,,161,,,,2023-02-15T19:11:00.000Z,"{'USD': {'price': 0.22670536442313044, 'volume_24h': 13956741.70611032, 'volume_change_24h': -24.7761, 'percent_change_1h': 0.44919391, 'percent_change_24h': 3.29544569, 'percent_change_7d': -1.57979796, 'percent_change_30d': 15.69832262, 'percent_change_60d': 39.85322983, 'percent_change_90d': 33.03210281, 'market_cap': 198423762.29959145, 'market_cap_dominance': 0.0188, 'fully_diluted_market_cap': 226705364.42, 'tvl': None, 'last_updated': '2023-02-15T19:11:00.000Z'}}"
71,2405,IOST,IOST,iostoken,114,2018-01-16T00:00:00.000Z,"['hardware', 'iot', 'huobi-capital-portfolio']",90000000000.0,18708894189.0,18708894189.0,,163,,,,2023-02-15T19:11:00.000Z,"{'USD': {'price': 0.010485091475679865, 'volume_24h': 9453775.27430024, 'volume_change_24h': 19.9121, 'percent_change_1h': 0.57996868, 'percent_change_24h': 4.01815616, 'percent_change_7d': -7.20667839, 'percent_change_30d': 12.89457572, 'percent_change_60d': 43.81578381, 'percent_change_90d': 28.94612511, 'market_cap': 196164466.98048046, 'market_cap_dominance': 0.0186, 'fully_diluted_market_cap': 943658232.81, 'tvl': None, 'last_updated': '2023-02-15T19:11:00.000Z'}}"
72,4279,Solar,SXP,sxp,150,2019-08-26T00:00:00.000Z,"['medium-of-exchange', 'defi', 'payments', 'wallet', 'binance-labs-portfolio', 'alameda-research-portfolio', 'bnb-chain']",,554903033.3205668,554903033.3205668,,168,554906968.5019156,183760641.16172153,1086.68228419,2023-02-15T19:11:00.000Z,"{'USD': {'price': 0.3311557641055055, 'volume_24h': 27359213.84634064, 'volume_change_24h': -19.6322, 'percent_change_1h': 0.50808742, 'percent_change_24h': 0.03503514, 'percent_change_7d': 5.80957626, 'percent_change_30d': 26.30349404, 'percent_change_60d': 55.19994585, 'percent_change_90d': 36.0790984, 'market_cap': 183759338.00373507, 'market_cap_dominance': 0.0174, 'fully_diluted_market_cap': 183759338, 'tvl': 169101.25496, 'last_updated': '2023-02-15T19:11:00.000Z'}}"
73,2300,WAX,WAXP,wax,64,2017-12-21T00:00:00.000Z,"['media', 'collectibles-nfts', 'gaming', 'entertainment', 'payments', 'metaverse', 'galaxy-digital-portfolio', 'kenetic-capital-portfolio', 'play-to-earn', 'okex-blockdream-ventures-portfolio']",,2367329642.433729,3960913516.459444,,169,,,,2023-02-15T19:11:00.000Z,"{'USD': {'price': 0.07599155224759903, 'volume_24h': 9425142.38426498, 'volume_change_24h': -30.6174, 'percent_change_1h': 0.89182063, 'percent_change_24h': 5.21225865, 'percent_change_7d': -3.84704853, 'percent_change_30d': 27.75056604, 'percent_change_60d': 56.96454861, 'percent_change_90d': 44.03046776, 'market_cap': 179897054.21029267, 'market_cap_dominance': 0.017, 'fully_diluted_market_cap': 300995966.43, 'tvl': None, 'last_updated': '2023-02-15T19:11:00.000Z'}}"
74,7505,Everscale,EVER,everscale,29,2020-10-26T00:00:00.000Z,['everscale-ecosystem'],,1735796423.0,2049945261.0,,172,,,,2023-02-15T19:11:00.000Z,"{'USD': {'price': 0.09961292589210655, 'volume_24h': 3132490.49543172, 'volume_change_24h': 47.3998, 'percent_change_1h': -2.53358484, 'percent_change_24h': -1.29320024, 'percent_change_7d': 0.00903495, 'percent_change_30d': 92.71603942, 'percent_change_60d': 198.41843919, 'percent_change_90d': 138.9147368, 'market_cap': 172907760.44808263, 'market_cap_dominance': 0.0164, 'fully_diluted_market_cap': 204201045.37, 'tvl': None, 'last_updated': '2023-02-15T19:11:00.000Z'}}"
75,541,Syscoin,SYS,syscoin,37,2014-08-20T00:00:00.000Z,"['mineable', 'pow', 'platform', 'enterprise-solutions', 'collectibles-nfts', 'zero-knowledge-proofs', 'masternodes', 'scaling']",0.0,753571730.5998354,753571730.5998354,,175,,,,2023-02-15T19:11:00.000Z,"{'USD': {'price': 0.21822042951070092, 'volume_24h': 5203712.07842229, 'volume_change_24h': -22.1346, 'percent_change_1h': -0.11514561, 'percent_change_24h': 5.4905157, 'percent_change_7d': 27.20055647, 'percent_change_30d': 75.43338964, 'percent_change_60d': 110.98229278, 'percent_change_90d': 94.06819636, 'market_cap': 164444746.71861827, 'market_cap_dominance': 0.0156, 'fully_diluted_market_cap': 164444746.72, 'tvl': None, 'last_updated': '2023-02-15T19:11:00.000Z'}}"
76,109,DigiByte,DGB,digibyte,117,2014-02-06T00:00:00.000Z,"['mineable', 'pow', 'multiple-algorithms', 'medium-of-exchange', 'collectibles-nfts', 'iot', 'payments']",21000000000.0,15982303651.993876,16021469790.132652,,177,,,,2023-02-15T19:11:00.000Z,"{'USD': {'price': 0.010233380407190582, 'volume_24h': 4826828.39148688, 'volume_change_24h': -14.8529, 'percent_change_1h': 0.63687324, 'percent_change_24h': 3.7259837, 'percent_change_7d': -7.57112019, 'percent_change_30d': -1.88980934, 'percent_change_60d': 20.87233433, 'percent_change_90d': 47.37215281, 'market_cap': 163552993.0540846, 'market_cap_dominance': 0.0155, 'fully_diluted_market_cap': 214900988.55, 'tvl': None, 'last_updated': '2023-02-15T19:11:00.000Z'}}"
77,4948,Nervos Network,CKB,nervos-network,59,2019-11-19T00:00:00.000Z,"['mineable', 'pow', 'platform', 'collectibles-nfts', 'defi', 'interoperability', 'research', 'scaling', 'smart-contracts', 'dao', 'polychain-capital-portfolio', 'rollups', 'blockchain-capital-portfolio', 'cms-holdings-portfolio', 'dragonfly-capital-portfolio', 'electric-capital-portfolio', 'hashkey-capital-portfolio', 'huobi-capital-portfolio', '1confirmation-portfolio', 'multicoin-capital-portfolio', 'web3']",,39670292182.88056,40186632724.19917,,181,,,,2023-02-15T19:11:00.000Z,"{'USD': {'price': 0.0038749158147852814, 'volume_24h': 3568074.258415, 'volume_change_24h': -5.9592, 'percent_change_1h': 0.82049969, 'percent_change_24h': 2.18540779, 'percent_change_7d': 0.77100126, 'percent_change_30d': 12.93741607, 'percent_change_60d': 76.86226876, 'percent_change_90d': 57.01284197, 'market_cap': 153719042.55659682, 'market_cap_dominance': 0.0146, 'fully_diluted_market_cap': 155719818.69, 'tvl': None, 'last_updated': '2023-02-15T19:11:00.000Z'}}"
78,1214,Lisk,LSK,lisk,68,2016-04-06T00:00:00.000Z,"['dpos', 'platform', 'enterprise-solutions', 'smart-contracts']",,128900444.52198455,144818773.0,,186,140665851.96597558,155463677.51603347,,2023-02-15T19:11:00.000Z,"{'USD': {'price': 1.1051984212460975, 'volume_24h': 8976286.77445934, 'volume_change_24h': 16.1122, 'percent_change_1h': 0.23958385, 'percent_change_24h': 5.52113569, 'percent_change_7d': 1.3203852, 'percent_change_30d': 27.43589051, 'percent_change_60d': 57.21893773, 'percent_change_90d': 50.73819874, 'market_cap': 142460567.7836175, 'market_cap_dominance': 0.0135, 'fully_diluted_market_cap': 160053479.29, 'tvl': None, 'last_updated': '2023-02-15T19:11:00.000Z'}}"
79,5604,Secret,SCRT,secret,46,2020-05-19T00:00:00.000Z,"['cosmos-ecosystem', 'defi', 'privacy', 'injective-ecosystem']",,163295557.0,190165060.0,,197,,,15.83419561,2023-02-15T19:11:00.000Z,"{'USD': {'price': 0.7883233837719594, 'volume_24h': 3807860.67277065, 'volume_change_24h': 26.8593, 'percent_change_1h': 0.65794507, 'percent_change_24h': 4.75404528, 'percent_change_7d': -3.42503663, 'percent_change_30d': 0.79615494, 'percent_change_60d': 28.12161588, 'percent_change_90d': -11.96582893, 'market_cap': 128729706.04916687, 'market_cap_dominance': 0.0122, 'fully_diluted_market_cap': 149911563.57, 'tvl': 8129854.47798, 'last_updated': '2023-02-15T19:11:00.000Z'}}"
80,2303,MediBloc,MED,medibloc,11,2017-12-22T00:00:00.000Z,"['health', 'cosmos-ecosystem', 'injective-ecosystem']",,6908642520.0,8433374830.9644,,199,6663990656.0,122532799.05856743,,2023-02-15T19:11:00.000Z,"{'USD': {'price': 0.018387300550645826, 'volume_24h': 3243641.55447518, 'volume_change_24h': 60.7213, 'percent_change_1h': 0.20771274, 'percent_change_24h': 6.03838506, 'percent_change_7d': -6.61134471, 'percent_change_30d': 23.66235147, 'percent_change_60d': 35.60164906, 'percent_change_90d': 39.24179515, 'market_cap': 127031286.41221116, 'market_cap_dominance': 0.012, 'fully_diluted_market_cap': 155066997.67, 'tvl': None, 'last_updated': '2023-02-15T19:11:00.000Z'}}"
81,18579,Wrapped TRON,WTRX,wrapped-tron,21,2017-09-13T00:00:00.000Z,[],,101676082428.01094,101676078190.20642,,202,,,,2023-02-15T19:11:00.000Z,"{'USD': {'price': 0.0691830075861179, 'volume_24h': 2119754.84649464, 'volume_change_24h': -19.0734, 'percent_change_1h': -0.12276342, 'percent_change_24h': 4.21008636, 'percent_change_7d': 4.31584656, 'percent_change_30d': 10.46748665, 'percent_change_60d': 29.04711127, 'percent_change_90d': 38.64597626, 'market_cap': 7034257181.94383, 'market_cap_dominance': 0, 'fully_diluted_market_cap': 7034256888.76, 'tvl': None, 'last_updated': '2023-02-15T19:11:00.000Z'}}"
82,5524,TNC Coin,TNC,tnc-coin,22,2020-05-03T00:00:00.000Z,[],,5851183164.0,196719999947.0,,210,,,,2023-02-15T19:11:00.000Z,"{'USD': {'price': 0.11080638420535165, 'volume_24h': 142370.64421266, 'volume_change_24h': -80.6846, 'percent_change_1h': -0.16645966, 'percent_change_24h': 0.98826268, 'percent_change_7d': 0.05669212, 'percent_change_30d': 36.83301174, 'percent_change_60d': 22288.29199883, 'percent_change_90d': 31875.17438157, 'market_cap': 648348449.7260691, 'market_cap_dominance': 0, 'fully_diluted_market_cap': 21797831895, 'tvl': None, 'last_updated': '2023-02-15T19:11:00.000Z'}}"
83,11948,Radix,XRD,radix-protocol,12,2021-09-17T15:12:05.000Z,[],24000000000.0,10103282656.252125,12123620561.38,,213,5072687979.916082,247016602.65579706,,2023-02-15T19:11:00.000Z,"{'USD': {'price': 0.048695406386868575, 'volume_24h': 536363.38940504, 'volume_change_24h': 22.4272, 'percent_change_1h': 0.60872274, 'percent_change_24h': -0.43833698, 'percent_change_7d': -3.96080976, 'percent_change_30d': 22.17563261, 'percent_change_60d': 34.90700117, 'percent_change_90d': 3.73841525, 'market_cap': 491983454.78759825, 'market_cap_dominance': 0, 'fully_diluted_market_cap': 1168689753.28, 'tvl': None, 'last_updated': '2023-02-15T19:11:00.000Z'}}"
84,7548,WEMIX,WEMIX,wemix,37,2020-10-29T00:00:00.000Z,"['platform', 'collectibles-nfts', 'gaming', 'metaverse', 'play-to-earn']",,244494604.55024225,959376806.5426642,,217,244497604.55024225,328554709.7821576,,2023-02-15T19:11:00.000Z,"{'USD': {'price': 1.3437952097180663, 'volume_24h': 7769673.57066977, 'volume_change_24h': -0.6559, 'percent_change_1h': -0.08248516, 'percent_change_24h': 10.01951006, 'percent_change_7d': -3.32300075, 'percent_change_30d': 202.94989377, 'percent_change_60d': 256.37892635, 'percent_change_90d': -11.78051123, 'market_cap': 328550678.3965285, 'market_cap_dominance': 0, 'fully_diluted_market_cap': 1289205956.95, 'tvl': None, 'last_updated': '2023-02-15T19:11:00.000Z'}}"
85,5804,DeFiChain,DFI,defichain,44,2020-07-03T00:00:00.000Z,"['defi', 'staking']",1200000000.0,510738160.85252774,784881510.3564407,,220,,,,2023-02-15T19:11:00.000Z,"{'USD': {'price': 0.5752440202190924, 'volume_24h': 2179045.72802726, 'volume_change_24h': -4.9617, 'percent_change_1h': 0.60592876, 'percent_change_24h': 3.05994432, 'percent_change_7d': -2.6189226, 'percent_change_30d': 12.71452984, 'percent_change_60d': 26.70688932, 'percent_change_90d': 18.30929087, 'market_cap': 293799072.9281135, 'market_cap_dominance': 0, 'fully_diluted_market_cap': 690292824.26, 'tvl': None, 'last_updated': '2023-02-15T19:11:00.000Z'}}"
86,4512,LINK,LN,link,8,2020-03-04T00:00:00.000Z,['centralized-exchange'],,6734458.0,6734458.0,,222,,,,2023-02-15T19:11:00.000Z,"{'USD': {'price': 41.24577150256387, 'volume_24h': 784669.82561139, 'volume_change_24h': 54.137, 'percent_change_1h': 0.09468134, 'percent_change_24h': 14.33084145, 'percent_change_7d': 3.56086552, 'percent_change_30d': -13.47082695, 'percent_change_60d': 89.65773608, 'percent_change_90d': 46.32014567, 'market_cap': 277767915.8616133, 'market_cap_dominance': 0, 'fully_diluted_market_cap': 277767915.86, 'tvl': None, 'last_updated': '2023-02-15T19:11:00.000Z'}}"
87,3987,Beldex,BDX,beldex,21,2019-06-07T00:00:00.000Z,"['privacy', 'masternodes']",9900000000.0,4019252314.0,9913712352.0,,232,,,,2023-02-15T19:11:00.000Z,"{'USD': {'price': 0.036589573266401526, 'volume_24h': 2357257.45776287, 'volume_change_24h': 2.2542, 'percent_change_1h': 0.45991407, 'percent_change_24h': 1.26340679, 'percent_change_7d': -1.61919434, 'percent_change_30d': -14.8957464, 'percent_change_60d': -17.34172664, 'percent_change_90d': -21.83898253, 'market_cap': 147062727.01925686, 'market_cap_dominance': 0, 'fully_diluted_market_cap': 362236775.34, 'tvl': None, 'last_updated': '2023-02-15T19:11:00.000Z'}}"
88,14101,Ronin,RON,ronin,18,2021-11-08T17:57:40.000Z,[],1000000000.0,173153848.6714954,1000000000.0,,233,148339298.0,119359222.89676362,,2023-02-15T19:11:00.000Z,"{'USD': {'price': 0.8046365629744562, 'volume_24h': 2431795.47293777, 'volume_change_24h': 3.0481, 'percent_change_1h': 0.04718738, 'percent_change_24h': 3.83446582, 'percent_change_7d': -18.96554762, 'percent_change_30d': 84.0907081, 'percent_change_60d': 217.53946387, 'percent_change_90d': 257.97434299, 'market_cap': 139325917.66083118, 'market_cap_dominance': 0, 'fully_diluted_market_cap': 804636562.97, 'tvl': None, 'last_updated': '2023-02-15T19:11:00.000Z'}}"
89,7878,MobileCoin,MOB,mobilecoin,29,2020-12-07T00:00:00.000Z,"['privacy', 'payments', 'arrington-xrp-capital-portfolio']",,74218324.0,250000000.0,,241,74218324.0,122363846.51658522,,2023-02-15T19:11:00.000Z,"{'USD': {'price': 1.648701289948089, 'volume_24h': 4727653.57603843, 'volume_change_24h': -34.0672, 'percent_change_1h': 1.40120381, 'percent_change_24h': 3.90807718, 'percent_change_7d': 13.68535587, 'percent_change_30d': 56.71766859, 'percent_change_60d': 94.87837072, 'percent_change_90d': 165.96121295, 'market_cap': 122363846.51658522, 'market_cap_dominance': 0.0116, 'fully_diluted_market_cap': 412175322.49, 'tvl': None, 'last_updated': '2023-02-15T19:11:00.000Z'}}"
90,1567,Nano,XNO,nano,59,2017-03-06T00:00:00.000Z,"['dag', 'blake2b', 'medium-of-exchange', 'store-of-value', 'payments']",133248297.0,133248297.197,133248297.197,,245,,,,2023-02-15T19:11:00.000Z,"{'USD': {'price': 0.8838067395674479, 'volume_24h': 1648389.88583546, 'volume_change_24h': 17.6309, 'percent_change_1h': 0.48358123, 'percent_change_24h': 4.60379973, 'percent_change_7d': 1.63797536, 'percent_change_30d': 9.80659432, 'percent_change_60d': 25.91876899, 'percent_change_90d': 47.70551269, 'market_cap': 117765743.09859487, 'market_cap_dominance': 0.0112, 'fully_diluted_market_cap': 117765742.92, 'tvl': None, 'last_updated': '2023-02-15T19:11:00.000Z'}}"
91,5268,Energy Web Token,EWT,energy-web-token,26,2020-03-28T00:00:00.000Z,"['energy', 'enterprise-solutions', 'identity', 'substrate', 'polkadot-ecosystem']",100000000.0,30062138.0,48638535.4433,,246,32932614.0,128539917.26082101,,2023-02-15T19:11:00.000Z,"{'USD': {'price': 3.9031191772636395, 'volume_24h': 3026723.56343109, 'volume_change_24h': -37.6639, 'percent_change_1h': 1.0439832, 'percent_change_24h': -1.77112729, 'percent_change_7d': 5.21806074, 'percent_change_30d': 19.7786214, 'percent_change_60d': 15.6364418, 'percent_change_90d': 8.59268865, 'market_cap': 117336107.33734599, 'market_cap_dominance': 0.0111, 'fully_diluted_market_cap': 390311917.73, 'tvl': None, 'last_updated': '2023-02-15T19:11:00.000Z'}}"
92,5198,Creditcoin,CTC,creditcoin,18,2020-01-31T00:00:00.000Z,[],2000000000.0,207254279.0,599999997.0,,247,,,,2023-02-15T19:11:00.000Z,"{'USD': {'price': 0.5584212477853295, 'volume_24h': 9622981.57540101, 'volume_change_24h': 5.112, 'percent_change_1h': 0.38362879, 'percent_change_24h': -0.29609656, 'percent_change_7d': -12.73665018, 'percent_change_30d': -1.46568258, 'percent_change_60d': 23.3606869, 'percent_change_90d': 47.63742577, 'market_cap': 115735193.08802882, 'market_cap_dominance': 0, 'fully_diluted_market_cap': 1116842495.57, 'tvl': None, 'last_updated': '2023-02-15T19:11:00.000Z'}}"
93,20396,Kaspa,KAS,kaspa,5,2022-06-01T00:03:58.000Z,"['mineable', 'pow', 'store-of-value', 'polychain-capital-portfolio']",28704026601.0,16667995892.028492,16667989089.0,,251,,,,2023-02-15T19:11:00.000Z,"{'USD': {'price': 0.006777506602970924, 'volume_24h': 2110849.57002736, 'volume_change_24h': 7.3254, 'percent_change_1h': 1.37267919, 'percent_change_24h': 3.54790813, 'percent_change_7d': -4.16654632, 'percent_change_30d': 0.97668485, 'percent_change_60d': 21.34438242, 'percent_change_90d': 6.91026744, 'market_cap': 112967452.21651535, 'market_cap_dominance': 0, 'fully_diluted_market_cap': 194541729.82, 'tvl': None, 'last_updated': '2023-02-15T19:11:00.000Z'}}"
94,3992,COTI,COTI,coti,105,2019-06-04T00:00:00.000Z,"['defi', 'fantom-ecosystem', 'cardano-ecosystem', 'arbitrum-ecosytem', 'cardano', 'bnb-chain']",2000000000.0,1176271233.07,2000000000.0,,255,868672118.03,82166209.35232078,,2023-02-15T19:11:00.000Z,"{'USD': {'price': 0.0945882890067425, 'volume_24h': 11404910.21433579, 'volume_change_24h': -17.6202, 'percent_change_1h': 0.74950505, 'percent_change_24h': 5.75048448, 'percent_change_7d': -2.95838459, 'percent_change_30d': 29.44503577, 'percent_change_60d': 63.1301728, 'percent_change_90d': 32.4307578, 'market_cap': 111261483.34394252, 'market_cap_dominance': 0.0105, 'fully_diluted_market_cap': 189176578.01, 'tvl': None, 'last_updated': '2023-02-15T19:11:00.000Z'}}"
95,1762,Ergo,ERG,ergo,19,2017-06-29T00:00:00.000Z,"['mineable', 'pow', 'platform', 'dapp', 'cardano-ecosystem', 'cardano']",97739924.0,58638426.0,59756145.0,,273,65937165.0,112403751.88600723,,2023-02-15T19:11:00.000Z,"{'USD': {'price': 1.7047101113007699, 'volume_24h': 819183.79244305, 'volume_change_24h': 40.6896, 'percent_change_1h': 0.32243001, 'percent_change_24h': 2.66554107, 'percent_change_7d': 0.13623608, 'percent_change_30d': -3.23764034, 'percent_change_60d': 27.40876241, 'percent_change_90d': 12.11915492, 'market_cap': 99961517.71296196, 'market_cap_dominance': 0, 'fully_diluted_market_cap': 166618236.72, 'tvl': None, 'last_updated': '2023-02-15T19:11:00.000Z'}}"
96,1230,Steem,STEEM,steem,38,2016-04-18T00:00:00.000Z,"['media', 'content-creation', 'web3']",,427014396.543,409190981.0,,276,,,,2023-02-15T19:11:00.000Z,"{'USD': {'price': 0.23177640039817968, 'volume_24h': 37150065.10196672, 'volume_change_24h': 576.9085, 'percent_change_1h': 0.54023014, 'percent_change_24h': 9.81863052, 'percent_change_7d': 3.34858814, 'percent_change_30d': 27.28565864, 'percent_change_60d': 50.51822819, 'percent_change_90d': 43.27342755, 'market_cap': 98971859.74893744, 'market_cap_dominance': 0.0094, 'fully_diluted_market_cap': 94840812.65, 'tvl': None, 'last_updated': '2023-02-15T19:11:00.000Z'}}"
97,1320,Ardor,ARDR,ardor,29,2016-07-23T00:00:00.000Z,"['platform', 'enterprise-solutions', 'state-channel']",998999495.0,998999495.0,998999495.0,,283,,,,2023-02-15T19:11:00.000Z,"{'USD': {'price': 0.09492485788754385, 'volume_24h': 3957017.20305196, 'volume_change_24h': 38.8861, 'percent_change_1h': 0.28246707, 'percent_change_24h': 3.16290466, 'percent_change_7d': -2.34570785, 'percent_change_30d': 18.00897865, 'percent_change_60d': 42.64248078, 'percent_change_90d': 39.13840129, 'market_cap': 94829885.09260307, 'market_cap_dominance': 0.009, 'fully_diluted_market_cap': 94829885.09, 'tvl': None, 'last_updated': '2023-02-15T19:11:00.000Z'}}"
98,6843,Radicle,RAD,radicle,69,2020-09-01T00:00:00.000Z,"['dao', 'coinbase-ventures-portfolio', 'fabric-ventures-portfolio', 'placeholder-ventures-portfolio', 'web3']",99999620.0,48829111.56634565,99998580.0,,286,,,,2023-02-15T19:11:00.000Z,"{'USD': {'price': 1.9315350998781198, 'volume_24h': 4348767.08019933, 'volume_change_24h': 2.9839, 'percent_change_1h': 0.5064389, 'percent_change_24h': 3.2811351, 'percent_change_7d': -10.83027556, 'percent_change_30d': 10.70889343, 'percent_change_60d': -8.10995563, 'percent_change_90d': 23.23895868, 'market_cap': 94315142.8862613, 'market_cap_dominance': 0.0089, 'fully_diluted_market_cap': 193152776, 'tvl': None, 'last_updated': '2023-02-15T19:11:00.000Z'}}"
99,6841,Phala Network,PHA,phala-network,65,2020-09-13T00:00:00.000Z,"['ai-big-data', 'privacy', 'substrate', 'polkadot', 'polkadot-ecosystem']",1000000000.0,502617047.92,1000000000.0,,288,,,,2023-02-15T19:11:00.000Z,"{'USD': {'price': 0.18454276556253865, 'volume_24h': 9566031.87467458, 'volume_change_24h': -45.2582, 'percent_change_1h': 0.23249115, 'percent_change_24h': 0.85335877, 'percent_change_7d': -0.60715005, 'percent_change_30d': 31.82695937, 'percent_change_60d': 50.92574698, 'percent_change_90d': 15.5286667, 'market_cap': 92754340.04203582, 'market_cap_dominance': 0.0088, 'fully_diluted_market_cap': 184542765.56, 'tvl': None, 'last_updated': '2023-02-15T19:11:00.000Z'}}"
